{
  "description": {
    "title": "",
    "text": ""
  },
  "links_1": {
    "list_pages": true,
    "title": "Páginas",
    "list": []
  },
  "links_2": {
    "list_categories": true,
    "title": "Categorias",
    "list": []
  },
  "contacts": {
    "title": "Contatos",
    "phone_wpp": true,
    "socials": true,
    "email": true,
    "address": true
  },
  "stamps": [
    {
      "src": "/img/uploads/compra-segura-new.svg",
      "alt": "Compra Segura",
      "width": 150,
      "height": 62
    },
    {
      "src": "/img/uploads/letsencrypt-socialshare.png",
      "alt": "Let's Encrypt"
    },
    {
      "link": "",
      "src": "/img/uploads/google-avaliacoes-do-consumidor.png"
    },
    {
      "src": "/img/uploads/reclame-aqui-2023.png"
    }
  ],
  "payment_methods": {
    "pix": true,
    "visa": true,
    "mastercard": true,
    "elo": true,
    "amex": true,
    "hipercard": true,
    "boleto": true
  },
  "credits": ""
}